[
  {
    "cmd": [
      "cipd",
      "ensure",
      "-root",
      "[START_DIR]/packages",
      "-ensure-file",
      "public/package/linux-amd64 7f751b2237df2fdf3c1405be00590fefffbaea2d",
      "-json-output",
      "/path/to/tmp/json",
      "-service-account-json",
      "/creds/service_accounts/service-account-cipd-builder.json"
    ],
    "name": "ensure_installed",
    "~followup_annotations": [
      "@@@STEP_LOG_LINE@json.output@{@@@",
      "@@@STEP_LOG_LINE@json.output@  \"result\": [@@@",
      "@@@STEP_LOG_LINE@json.output@    {@@@",
      "@@@STEP_LOG_LINE@json.output@      \"instance_id\": \"7f751b2237df2fdf3c1405be00590fefffbaea2d\", @@@",
      "@@@STEP_LOG_LINE@json.output@      \"package\": \"public/package/linux-amd64\"@@@",
      "@@@STEP_LOG_LINE@json.output@    }@@@",
      "@@@STEP_LOG_LINE@json.output@  ]@@@",
      "@@@STEP_LOG_LINE@json.output@}@@@",
      "@@@STEP_LOG_END@json.output@@@"
    ]
  },
  {
    "cmd": [
      "cipd",
      "search",
      "public/package/linux-amd64",
      "-tag",
      "git_revision:40-chars-long-hash",
      "-json-output",
      "/path/to/tmp/json",
      "-service-account-json",
      "/creds/service_accounts/service-account-cipd-builder.json"
    ],
    "name": "cipd search public/package/linux-amd64 git_revision:40-chars-long-hash",
    "~followup_annotations": [
      "@@@STEP_LOG_LINE@json.output@{@@@",
      "@@@STEP_LOG_LINE@json.output@  \"result\": [@@@",
      "@@@STEP_LOG_LINE@json.output@    {@@@",
      "@@@STEP_LOG_LINE@json.output@      \"instance_id\": \"40-chars-fake-of-the-package-instance_id\", @@@",
      "@@@STEP_LOG_LINE@json.output@      \"package\": \"public/package/linux-amd64\"@@@",
      "@@@STEP_LOG_LINE@json.output@    }@@@",
      "@@@STEP_LOG_LINE@json.output@  ]@@@",
      "@@@STEP_LOG_LINE@json.output@}@@@",
      "@@@STEP_LOG_END@json.output@@@"
    ]
  },
  {
    "cmd": [
      "cipd",
      "describe",
      "public/package/linux-amd64",
      "-version",
      "40-chars-fake-of-the-package-instance_id",
      "-json-output",
      "/path/to/tmp/json",
      "-service-account-json",
      "/creds/service_accounts/service-account-cipd-builder.json"
    ],
    "name": "cipd describe public/package/linux-amd64",
    "~followup_annotations": [
      "@@@STEP_LOG_LINE@json.output@{@@@",
      "@@@STEP_LOG_LINE@json.output@  \"result\": {@@@",
      "@@@STEP_LOG_LINE@json.output@    \"pin\": {@@@",
      "@@@STEP_LOG_LINE@json.output@      \"instance_id\": \"40-chars-fake-of-the-package-instance_id\", @@@",
      "@@@STEP_LOG_LINE@json.output@      \"package\": \"public/package/linux-amd64\"@@@",
      "@@@STEP_LOG_LINE@json.output@    }, @@@",
      "@@@STEP_LOG_LINE@json.output@    \"refs\": [@@@",
      "@@@STEP_LOG_LINE@json.output@      {@@@",
      "@@@STEP_LOG_LINE@json.output@        \"modified_by\": \"user:44-blablbla@developer.gserviceaccount.com\", @@@",
      "@@@STEP_LOG_LINE@json.output@        \"modified_ts\": 1446574210, @@@",
      "@@@STEP_LOG_LINE@json.output@        \"ref\": \"latest\"@@@",
      "@@@STEP_LOG_LINE@json.output@      }@@@",
      "@@@STEP_LOG_LINE@json.output@    ], @@@",
      "@@@STEP_LOG_LINE@json.output@    \"registered_by\": \"user:44-blablbla@developer.gserviceaccount.com\", @@@",
      "@@@STEP_LOG_LINE@json.output@    \"registered_ts\": 1446574210, @@@",
      "@@@STEP_LOG_LINE@json.output@    \"tags\": [@@@",
      "@@@STEP_LOG_LINE@json.output@      {@@@",
      "@@@STEP_LOG_LINE@json.output@        \"registered_by\": \"user:44-blablbla@developer.gserviceaccount.com\", @@@",
      "@@@STEP_LOG_LINE@json.output@        \"registered_ts\": 1446574210, @@@",
      "@@@STEP_LOG_LINE@json.output@        \"tag\": \"buildbot_build:some.waterfall/builder/1234\"@@@",
      "@@@STEP_LOG_LINE@json.output@      }, @@@",
      "@@@STEP_LOG_LINE@json.output@      {@@@",
      "@@@STEP_LOG_LINE@json.output@        \"registered_by\": \"user:44-blablbla@developer.gserviceaccount.com\", @@@",
      "@@@STEP_LOG_LINE@json.output@        \"registered_ts\": 1446574210, @@@",
      "@@@STEP_LOG_LINE@json.output@        \"tag\": \"git_repository:https://chromium.googlesource.com/some/repo\"@@@",
      "@@@STEP_LOG_LINE@json.output@      }, @@@",
      "@@@STEP_LOG_LINE@json.output@      {@@@",
      "@@@STEP_LOG_LINE@json.output@        \"registered_by\": \"user:44-blablbla@developer.gserviceaccount.com\", @@@",
      "@@@STEP_LOG_LINE@json.output@        \"registered_ts\": 1446574210, @@@",
      "@@@STEP_LOG_LINE@json.output@        \"tag\": \"git_revision:397a2597cdc237f3026e6143b683be4b9ab60540\"@@@",
      "@@@STEP_LOG_LINE@json.output@      }@@@",
      "@@@STEP_LOG_LINE@json.output@    ]@@@",
      "@@@STEP_LOG_LINE@json.output@  }@@@",
      "@@@STEP_LOG_LINE@json.output@}@@@",
      "@@@STEP_LOG_END@json.output@@@"
    ]
  },
  {
    "cmd": [
      "cipd",
      "ensure",
      "-root",
      "[START_DIR]/packages",
      "-ensure-file",
      "private/package/linux-amd64 latest\npublic/package/linux-amd64 7f751b2237df2fdf3c1405be00590fefffbaea2d",
      "-json-output",
      "/path/to/tmp/json",
      "-service-account-json",
      "fake-credentials.json"
    ],
    "name": "ensure_installed (2)",
    "~followup_annotations": [
      "@@@STEP_LOG_LINE@json.output@{@@@",
      "@@@STEP_LOG_LINE@json.output@  \"result\": [@@@",
      "@@@STEP_LOG_LINE@json.output@    {@@@",
      "@@@STEP_LOG_LINE@json.output@      \"instance_id\": \"resolved-instance_id-of-latest----------\", @@@",
      "@@@STEP_LOG_LINE@json.output@      \"package\": \"private/package/linux-amd64\"@@@",
      "@@@STEP_LOG_LINE@json.output@    }, @@@",
      "@@@STEP_LOG_LINE@json.output@    {@@@",
      "@@@STEP_LOG_LINE@json.output@      \"instance_id\": \"7f751b2237df2fdf3c1405be00590fefffbaea2d\", @@@",
      "@@@STEP_LOG_LINE@json.output@      \"package\": \"public/package/linux-amd64\"@@@",
      "@@@STEP_LOG_LINE@json.output@    }@@@",
      "@@@STEP_LOG_LINE@json.output@  ]@@@",
      "@@@STEP_LOG_LINE@json.output@}@@@",
      "@@@STEP_LOG_END@json.output@@@"
    ]
  },
  {
    "cmd": [
      "cipd",
      "search",
      "private/package/linux-amd64",
      "-tag",
      "key:value",
      "-json-output",
      "/path/to/tmp/json",
      "-service-account-json",
      "fake-credentials.json"
    ],
    "name": "cipd search private/package/linux-amd64 key:value",
    "~followup_annotations": [
      "@@@STEP_LOG_LINE@json.output@{@@@",
      "@@@STEP_LOG_LINE@json.output@  \"result\": [@@@",
      "@@@STEP_LOG_LINE@json.output@    {@@@",
      "@@@STEP_LOG_LINE@json.output@      \"instance_id\": \"40-chars-fake-of-the-package-instance_id\", @@@",
      "@@@STEP_LOG_LINE@json.output@      \"package\": \"private/package/linux-amd64\"@@@",
      "@@@STEP_LOG_LINE@json.output@    }@@@",
      "@@@STEP_LOG_LINE@json.output@  ]@@@",
      "@@@STEP_LOG_LINE@json.output@}@@@",
      "@@@STEP_LOG_END@json.output@@@"
    ]
  },
  {
    "cmd": [
      "cipd",
      "describe",
      "private/package/linux-amd64",
      "-version",
      "40-chars-fake-of-the-package-instance_id",
      "-json-output",
      "/path/to/tmp/json",
      "-service-account-json",
      "fake-credentials.json"
    ],
    "name": "cipd describe private/package/linux-amd64",
    "~followup_annotations": [
      "@@@STEP_LOG_LINE@json.output@{@@@",
      "@@@STEP_LOG_LINE@json.output@  \"result\": {@@@",
      "@@@STEP_LOG_LINE@json.output@    \"pin\": {@@@",
      "@@@STEP_LOG_LINE@json.output@      \"instance_id\": \"40-chars-fake-of-the-package-instance_id\", @@@",
      "@@@STEP_LOG_LINE@json.output@      \"package\": \"private/package/linux-amd64\"@@@",
      "@@@STEP_LOG_LINE@json.output@    }, @@@",
      "@@@STEP_LOG_LINE@json.output@    \"refs\": [@@@",
      "@@@STEP_LOG_LINE@json.output@      {@@@",
      "@@@STEP_LOG_LINE@json.output@        \"modified_by\": \"user:44-blablbla@developer.gserviceaccount.com\", @@@",
      "@@@STEP_LOG_LINE@json.output@        \"modified_ts\": 1446574210, @@@",
      "@@@STEP_LOG_LINE@json.output@        \"ref\": \"latest\"@@@",
      "@@@STEP_LOG_LINE@json.output@      }@@@",
      "@@@STEP_LOG_LINE@json.output@    ], @@@",
      "@@@STEP_LOG_LINE@json.output@    \"registered_by\": \"user:44-blablbla@developer.gserviceaccount.com\", @@@",
      "@@@STEP_LOG_LINE@json.output@    \"registered_ts\": 1446574210, @@@",
      "@@@STEP_LOG_LINE@json.output@    \"tags\": [@@@",
      "@@@STEP_LOG_LINE@json.output@      {@@@",
      "@@@STEP_LOG_LINE@json.output@        \"registered_by\": \"user:44-blablbla@developer.gserviceaccount.com\", @@@",
      "@@@STEP_LOG_LINE@json.output@        \"registered_ts\": 1446574210, @@@",
      "@@@STEP_LOG_LINE@json.output@        \"tag\": \"custom:tagged\"@@@",
      "@@@STEP_LOG_LINE@json.output@      }, @@@",
      "@@@STEP_LOG_LINE@json.output@      {@@@",
      "@@@STEP_LOG_LINE@json.output@        \"registered_by\": \"user:44-blablbla@developer.gserviceaccount.com\", @@@",
      "@@@STEP_LOG_LINE@json.output@        \"registered_ts\": 1446574210, @@@",
      "@@@STEP_LOG_LINE@json.output@        \"tag\": \"key:value\"@@@",
      "@@@STEP_LOG_LINE@json.output@      }@@@",
      "@@@STEP_LOG_LINE@json.output@    ]@@@",
      "@@@STEP_LOG_LINE@json.output@  }@@@",
      "@@@STEP_LOG_LINE@json.output@}@@@",
      "@@@STEP_LOG_END@json.output@@@"
    ]
  },
  {
    "cmd": [
      "cipd",
      "pkg-build",
      "-in",
      "fake-input-dir",
      "-name",
      "infra/fake-package",
      "-out",
      "fake-package-path",
      "-json-output",
      "/path/to/tmp/json"
    ],
    "name": "build fake-package",
    "~followup_annotations": [
      "@@@STEP_LOG_LINE@json.output@{@@@",
      "@@@STEP_LOG_LINE@json.output@  \"result\": {@@@",
      "@@@STEP_LOG_LINE@json.output@    \"instance_id\": \"40-chars-fake-of-the-package-instance_id\", @@@",
      "@@@STEP_LOG_LINE@json.output@    \"package\": \"infra/fake-package\"@@@",
      "@@@STEP_LOG_LINE@json.output@  }@@@",
      "@@@STEP_LOG_LINE@json.output@}@@@",
      "@@@STEP_LOG_END@json.output@@@"
    ]
  },
  {
    "cmd": [
      "cipd",
      "pkg-build",
      "-in",
      "fake-input-dir",
      "-name",
      "infra/fake-package",
      "-out",
      "fake-package-path",
      "-json-output",
      "/path/to/tmp/json",
      "-install-mode",
      "copy"
    ],
    "name": "build fake-package (2)",
    "~followup_annotations": [
      "@@@STEP_LOG_LINE@json.output@{@@@",
      "@@@STEP_LOG_LINE@json.output@  \"result\": {@@@",
      "@@@STEP_LOG_LINE@json.output@    \"instance_id\": \"40-chars-fake-of-the-package-instance_id\", @@@",
      "@@@STEP_LOG_LINE@json.output@    \"package\": \"infra/fake-package\"@@@",
      "@@@STEP_LOG_LINE@json.output@  }@@@",
      "@@@STEP_LOG_LINE@json.output@}@@@",
      "@@@STEP_LOG_END@json.output@@@"
    ]
  },
  {
    "cmd": [
      "cipd",
      "pkg-register",
      "fake-package-path",
      "-json-output",
      "/path/to/tmp/json",
      "-service-account-json",
      "fake-credentials.json",
      "-ref",
      "fake-ref-1",
      "-ref",
      "fake-ref-2",
      "-tag",
      "fake_tag_1:fake_value_1",
      "-tag",
      "fake_tag_2:fake_value_2"
    ],
    "name": "register infra/fake-package",
    "~followup_annotations": [
      "@@@STEP_LOG_LINE@json.output@{@@@",
      "@@@STEP_LOG_LINE@json.output@  \"result\": {@@@",
      "@@@STEP_LOG_LINE@json.output@    \"instance_id\": \"40-chars-fake-of-the-package-instance_id\", @@@",
      "@@@STEP_LOG_LINE@json.output@    \"package\": \"infra/fake-package\"@@@",
      "@@@STEP_LOG_LINE@json.output@  }@@@",
      "@@@STEP_LOG_LINE@json.output@}@@@",
      "@@@STEP_LOG_END@json.output@@@"
    ]
  },
  {
    "cmd": [],
    "name": "RECIPE CRASH (Uncaught exception)",
    "~followup_annotations": [
      "@@@STEP_EXCEPTION@@@",
      "The recipe has crashed at point 'Uncaught exception'!",
      "",
      "Traceback (most recent call last):",
      "  File \"RECIPE_REPO[depot_tools]/recipes/recipe_modules/cipd/examples/full.py\", line 76, in RunSteps",
      "    pkg.add_version_file(pth)",
      "  File \"RECIPE_REPO[depot_tools]/recipes/recipe_modules/cipd/api.py\", line 141, in add_version_file",
      "    raise ValueError('add_version_file() may only be used once.')",
      "ValueError: add_version_file() may only be used once."
    ]
  },
  {
    "failure": {
      "humanReason": "Uncaught Exception: ValueError('add_version_file() may only be used once.',)"
    },
    "name": "$result"
  }
]